mode,atlas,fc_version,fold_or_site,auc,accuracy,balanced_accuracy,f1,precision,recall,specificity,threshold,train_time_sec,infer_ms_per_sample,epochs_run,n_params,n_eval,_src
pooled_cv,AAL,v1,1,0.6962772785622593,0.6214689265536724,0.6265083440308087,0.6127167630057804,0.6794871794871795,0.5578947368421052,0.6951219512195121,0.2822446823120117,500.6211154460907,3.1900136484264654,45.0,32258.0,177.0,run_20260620_073443
pooled_cv,AAL,v1,2,0.721181001283697,0.6610169491525424,0.6558408215661105,0.6969696969696969,0.6699029126213593,0.7263157894736842,0.5853658536585366,0.492882639169693,240.8698172569275,3.3725533781752075,22.0,32258.0,177.0,run_20260620_073443
pooled_cv,AAL,v1,3,0.6766367137355584,0.6384180790960452,0.6439666238767651,0.627906976744186,0.7012987012987013,0.5684210526315789,0.7195121951219512,0.7240816950798035,334.44473958015436,2.962635061835165,30.0,32258.0,177.0,run_20260620_073443
pooled_cv,AAL,v1,4,0.6597222222222222,0.6214689265536724,0.6221064814814815,0.6378378378378379,0.6629213483146067,0.6145833333333334,0.6296296296296297,0.7839447855949402,378.92994570732117,2.969083139451884,34.0,32258.0,177.0,run_20260620_073443
pooled_cv,AAL,v1,5,0.7287849252761534,0.6647727272727273,0.6603638726445744,0.6974358974358974,0.68,0.7157894736842105,0.6049382716049383,0.5971799492835999,268.73849749565125,2.972077239643444,24.0,32258.0,176.0,run_20260620_073443
loso,AAL,v1,CMU,0.6666666666666667,0.6,0.5833333333333333,0.5,0.5,0.5,0.6666666666666666,0.5671466588973999,250.51566195487976,1.906442642211914,21.0,32258.0,5.0,run_20260620_073443
loso,AAL,v1,Caltech,0.6783625730994152,0.7027027027027027,0.7002923976608187,0.6666666666666666,0.7333333333333333,0.6111111111111112,0.7894736842105263,0.6433863639831543,526.4834995269774,3.1455723015037744,44.0,32258.0,37.0,run_20260620_073443
loso,AAL,v1,KKI,0.7438271604938271,0.6666666666666666,0.7361111111111112,0.6976744186046512,0.9375,0.5555555555555556,0.9166666666666666,0.3460441827774048,322.4607591629028,2.7372959332588387,27.0,32258.0,39.0,run_20260620_073443
loso,AAL,v1,Leuven,0.6568627450980393,0.639344262295082,0.619281045751634,0.7105263157894737,0.6428571428571429,0.7941176470588235,0.4444444444444444,0.4838011562824249,296.86789631843567,3.69680904951252,25.0,32258.0,61.0,run_20260620_073443
loso,AAL,v1,MaxMun,0.6319444444444445,0.5952380952380952,0.5694444444444444,0.679245283018868,0.6206896551724138,0.75,0.3888888888888889,0.4818440675735474,339.1466319561005,3.170013427734375,29.0,32258.0,42.0,run_20260620_073443
loso,AAL,v1,NYU,0.7219737209952474,0.631578947368421,0.6453732177802627,0.631578947368421,0.7397260273972602,0.5510204081632653,0.7397260273972602,0.4263945817947388,256.432855129242,3.1887787824485736,23.0,32258.0,171.0,run_20260620_073443
loso,AAL,v1,OHSU,0.5303030303030303,0.4782608695652174,0.4659090909090909,0.2500000000000001,0.4,0.18181818181818185,0.75,0.4357376992702484,494.5895183086395,2.720127934994905,41.0,32258.0,23.0,run_20260620_073443
loso,AAL,v1,Olin,0.8311688311688312,0.72,0.7207792207792207,0.6956521739130435,0.6666666666666666,0.7272727272727273,0.7142857142857143,0.5518128871917725,277.71562075614935,3.4079456329345703,23.0,32258.0,25.0,run_20260620_073443
loso,AAL,v1,Pitt,0.766798418972332,0.6666666666666666,0.6620553359683794,0.7272727272727273,0.625,0.8695652173913043,0.4545454545454545,0.4579277634620666,257.11471509933466,3.0312803056504998,22.0,32258.0,45.0,run_20260620_073443
loso,AAL,v1,SBL,0.7619047619047619,0.6538461538461539,0.6607142857142857,0.6666666666666665,0.6,0.75,0.5714285714285714,0.5465103983879089,252.41465520858762,2.9039382934570312,21.0,32258.0,26.0,run_20260620_073443
loso,AAL,v1,SDSU,0.7619047619047621,0.7272727272727273,0.7142857142857142,0.7804878048780488,0.8,0.7619047619047619,0.6666666666666666,0.8070709109306335,495.1705846786499,2.816005186601118,42.0,32258.0,33.0,run_20260620_073443
loso,AAL,v1,Stanford,0.7151702786377709,0.5,0.5170278637770898,0.3076923076923077,0.5714285714285714,0.21052631578947367,0.8235294117647058,0.4432587623596192,347.85198020935064,3.3805370330810547,29.0,32258.0,36.0,run_20260620_073443
loso,AAL,v1,Trinity,0.6666666666666666,0.6590909090909091,0.65527950310559,0.6938775510204079,0.6538461538461539,0.7391304347826086,0.5714285714285714,0.8616138696670532,552.3526756763458,2.86722183227539,47.0,32258.0,44.0,run_20260620_073443
loso,AAL,v1,UCLA,0.7934472934472934,0.7466666666666667,0.7435897435897436,0.7710843373493976,0.7272727272727273,0.8205128205128205,0.6666666666666666,0.4023367762565613,305.9782130718231,3.1465435028076167,26.0,32258.0,75.0,run_20260620_073443
loso,AAL,v1,UM,0.7125,0.6371681415929203,0.6546474358974359,0.6306306306306305,0.7608695652173914,0.5384615384615384,0.7708333333333334,0.55601567029953,269.1679036617279,2.9952758181411614,23.0,32258.0,113.0,run_20260620_073443
loso,AAL,v1,USM,0.7711670480549199,0.6885245901639344,0.715675057208238,0.6666666666666667,0.5588235294117647,0.8260869565217391,0.6052631578947368,0.4033965170383453,269.1459345817566,3.6603974514320248,23.0,32258.0,61.0,run_20260620_073443
loso,AAL,v1,Yale,0.8041958041958042,0.75,0.7587412587412588,0.7391304347826088,0.85,0.6538461538461539,0.8636363636363636,0.9153357148170472,607.4792034626008,3.0179967482884726,51.0,32258.0,48.0,run_20260620_073443
within_site,AAL,v1,Caltech,0.7875,0.5714285714285714,0.5916666666666666,0.5133333333333333,0.5,0.5833333333333333,0.6,0.5831079602241516,12.391253471374512,2.131172588893345,27.2,32258.0,7.4,run_20260620_073443
within_site,AAL,v1,KKI,0.7866666666666667,0.5714285714285714,0.61,0.5787878787878787,0.6095238095238095,0.5866666666666667,0.6333333333333333,0.6514952898025512,14.598436069488525,2.235253368105208,31.0,32258.0,7.8,run_20260620_073443
within_site,AAL,v1,Leuven,0.7492063492063492,0.6538461538461539,0.6823809523809524,0.5783916083916083,0.8666666666666668,0.4714285714285714,0.8933333333333333,0.6693672180175781,27.28277244567871,3.037769977863018,35.8,32258.0,12.2,run_20260620_073443
within_site,AAL,v1,MaxMun,0.7383333333333333,0.5944444444444444,0.6166666666666666,0.5476190476190476,0.7333333333333333,0.45,0.7833333333333333,0.5460034668445587,14.306639051437378,2.7167883184221053,27.2,32258.0,8.4,run_20260620_073443
within_site,AAL,v1,NYU,0.725513784461153,0.6315966386554622,0.6342230576441102,0.6561849775472066,0.6971202516094156,0.6236842105263158,0.6447619047619048,0.5046067178249359,55.91866774559021,3.485739651848289,25.4,32258.0,34.2,run_20260620_073443
within_site,AAL,v1,OHSU,0.6,0.39,0.36666666666666653,0.0,0.0,0.0,0.7333333333333333,0.6291369199752808,8.44126100540161,1.753389835357666,32.2,32258.0,4.6,run_20260620_073443
within_site,AAL,v1,Olin,0.9,0.48,0.4833333333333333,0.1942857142857143,0.14666666666666667,0.3,0.6666666666666666,0.5921621739864349,8.393516445159912,1.8746089935302732,29.6,32258.0,5.0,run_20260620_073443
within_site,AAL,v1,Pitt,0.76,0.6222222222222222,0.63,0.5232323232323232,0.5333333333333333,0.52,0.74,0.5869627118110656,15.597889280319214,2.326663335164388,29.2,32258.0,9.0,run_20260620_073443
within_site,AAL,v1,SBL,0.7888888888888891,0.6533333333333333,0.6833333333333333,0.5333333333333333,0.6,0.5666666666666667,0.8,0.5544722080230713,7.514415788650512,2.175089518229167,25.4,32258.0,5.2,run_20260620_073443
within_site,AAL,v1,SDSU,0.5083333333333333,0.5238095238095237,0.5233333333333333,0.5371428571428571,0.7,0.48,0.5666666666666667,0.5772416949272156,10.03256368637085,2.1359409604753763,26.2,32258.0,6.6,run_20260620_073443
within_site,AAL,v1,Stanford,0.65,0.5464285714285715,0.525,0.4738095238095239,0.4566666666666666,0.5,0.55,0.5864685773849487,10.767778587341306,2.144124678203038,25.2,32258.0,7.2,run_20260620_073443
within_site,AAL,v1,Trinity,0.8025,0.6361111111111111,0.64,0.4565656565656566,0.4642857142857143,0.48,0.8,0.6532065808773041,17.58307433128357,2.1909601158565946,34.2,32258.0,8.8,run_20260620_073443
within_site,AAL,v1,UCLA,0.7714285714285716,0.5866666666666667,0.5982142857142857,0.3545098039215687,0.7333333333333333,0.28214285714285714,0.9142857142857144,0.7743499994277954,34.1111804485321,3.0802122751871748,36.4,32258.0,15.0,run_20260620_073443
within_site,AAL,v1,UM,0.6555555555555557,0.5857707509881424,0.5995726495726496,0.5137878119763648,0.6316666666666667,0.4769230769230769,0.7222222222222222,0.7219259977340698,50.519920873641965,2.7993364296411807,36.8,32258.0,22.6,run_20260620_073443
within_site,AAL,v1,USM,0.8044642857142857,0.6371794871794871,0.5349999999999999,0.18095238095238095,0.4,0.12000000000000002,0.95,0.7545120835304259,27.962019634246825,3.1164319087297487,35.8,32258.0,12.2,run_20260620_073443
within_site,AAL,v1,Yale,0.5576666666666668,0.54,0.5383333333333333,0.4671794871794872,0.4704761904761904,0.4866666666666667,0.5900000000000001,0.5320692300796509,14.466462755203247,2.618600527445475,25.4,32258.0,9.6,run_20260620_073443
pooled_cv,AAL,v2,1,0.6449293966623877,0.5310734463276836,0.535622593068036,0.5202312138728323,0.5769230769230769,0.4736842105263158,0.5975609756097561,0.4845705926418304,282.6706688404083,3.624658800114346,26.0,32258.0,177.0,run_20260620_073443
pooled_cv,AAL,v2,2,0.685622593068036,0.6384180790960452,0.6389602053915275,0.6521739130434782,0.6741573033707865,0.631578947368421,0.6463414634146342,0.5710287094116211,231.4312241077423,2.9396269954530534,21.0,32258.0,177.0,run_20260620_073443
pooled_cv,AAL,v2,3,0.6614890885750963,0.615819209039548,0.6145699614890885,0.6382978723404255,0.6451612903225806,0.631578947368421,0.5975609756097561,0.4296894669532776,262.550778388977,3.4729370289603194,24.0,32258.0,177.0,run_20260620_073443
pooled_cv,AAL,v2,4,0.6395318930041153,0.576271186440678,0.5727237654320988,0.6113989637305699,0.6082474226804123,0.6145833333333334,0.5308641975308642,0.6793661713600159,285.52272772788996,2.9425068763689817,26.0,32258.0,177.0,run_20260620_073443
pooled_cv,AAL,v2,5,0.7419103313840155,0.7045454545454546,0.7072124756335283,0.7111111111111111,0.7529411764705882,0.6736842105263158,0.7407407407407407,0.5533710122108461,282.47079205512995,3.107370300726457,26.0,32258.0,176.0,run_20260620_073443
loso,AAL,v2,CMU,0.6666666666666667,0.6,0.6666666666666666,0.6666666666666666,0.5,1.0,0.3333333333333333,0.5881593823432922,247.22590494155884,1.6632556915283203,21.0,32258.0,5.0,run_20260620_073443
loso,AAL,v2,Caltech,0.6666666666666667,0.6486486486486487,0.6461988304093567,0.606060606060606,0.6666666666666666,0.5555555555555556,0.7368421052631579,0.6700730323791504,330.95245051383966,3.5952104104531784,28.0,32258.0,37.0,run_20260620_073443
loso,AAL,v2,KKI,0.8148148148148148,0.6153846153846154,0.7222222222222222,0.6153846153846153,1.0,0.4444444444444444,1.0,0.5959426760673523,554.2820248603822,3.3634442549485426,48.0,32258.0,39.0,run_20260620_073443
loso,AAL,v2,Leuven,0.7124183006535948,0.7213114754098361,0.6889978213507625,0.7951807228915663,0.6734693877551021,0.9705882352941176,0.4074074074074074,0.5973258018493652,391.09540009498596,2.7861986003938264,34.0,32258.0,61.0,run_20260620_073443
loso,AAL,v2,MaxMun,0.5231481481481481,0.5238095238095238,0.5416666666666666,0.5,0.625,0.4166666666666667,0.6666666666666666,0.6738417744636536,645.1360590457916,3.3790611085437594,56.0,32258.0,42.0,run_20260620_073443
loso,AAL,v2,NYU,0.722253284875594,0.6842105263157895,0.6843024881185351,0.7127659574468085,0.7444444444444445,0.6836734693877551,0.6849315068493149,0.4665209949016571,265.74179697036743,3.7403622565910832,24.0,32258.0,171.0,run_20260620_073443
loso,AAL,v2,OHSU,0.5,0.4782608695652174,0.4810606060606061,0.4999999999999999,0.4615384615384616,0.5454545454545454,0.4166666666666667,0.5887127518653871,243.84031343460083,2.5977362757143765,21.0,32258.0,23.0,run_20260620_073443
loso,AAL,v2,Olin,0.8376623376623376,0.68,0.6753246753246753,0.6363636363636364,0.6363636363636364,0.6363636363636364,0.7142857142857143,0.3835932016372681,271.7681887149811,2.923583984375,23.0,32258.0,25.0,run_20260620_073443
loso,AAL,v2,Pitt,0.8260869565217391,0.7333333333333333,0.7292490118577075,0.7777777777777777,0.6774193548387096,0.9130434782608696,0.5454545454545454,0.5282550454139711,243.0859487056732,2.9101530710856114,21.0,32258.0,45.0,run_20260620_073443
loso,AAL,v2,SBL,0.7916666666666666,0.6538461538461539,0.6607142857142857,0.6666666666666665,0.6,0.75,0.5714285714285714,0.6187059283256531,244.31172108650208,2.604777996356671,21.0,32258.0,26.0,run_20260620_073443
loso,AAL,v2,SDSU,0.7420634920634921,0.6666666666666666,0.6845238095238095,0.7027027027027026,0.8125,0.6190476190476191,0.75,0.5526095032691956,245.90495777130127,3.449208808667732,21.0,32258.0,33.0,run_20260620_073443
loso,AAL,v2,Stanford,0.739938080495356,0.5,0.5201238390092879,0.25,0.6,0.15789473684210525,0.8823529411764706,0.4146167635917664,340.54872822761536,3.3059649997287326,29.0,32258.0,36.0,run_20260620_073443
loso,AAL,v2,Trinity,0.6708074534161489,0.6136363636363636,0.6221532091097308,0.5405405405405405,0.7142857142857143,0.43478260869565216,0.8095238095238095,0.7118734121322632,277.13361811637884,3.438115119934082,24.0,32258.0,44.0,run_20260620_073443
loso,AAL,v2,UCLA,0.7122507122507122,0.6133333333333333,0.608974358974359,0.6588235294117647,0.6086956521739131,0.7179487179487181,0.5,0.4695005416870117,241.57674360275269,2.969338099161784,21.0,32258.0,75.0,run_20260620_073443
loso,AAL,v2,UM,0.6685897435897437,0.5486725663716814,0.5641025641025641,0.5405405405405406,0.6521739130434783,0.4615384615384616,0.6666666666666666,0.5894761085510254,273.3916916847229,3.5774328012382037,24.0,32258.0,113.0,run_20260620_073443
loso,AAL,v2,USM,0.7597254004576659,0.6885245901639344,0.7242562929061784,0.6779661016949152,0.5555555555555556,0.8695652173913043,0.5789473684210527,0.4513942897319794,276.8770003318786,3.6625314931400488,24.0,32258.0,61.0,run_20260620_073443
loso,AAL,v2,Yale,0.7482517482517482,0.7083333333333334,0.7097902097902098,0.7199999999999999,0.75,0.6923076923076923,0.7272727272727273,0.5879303812980652,462.1480553150177,2.9906233151753745,40.0,32258.0,48.0,run_20260620_073443
within_site,AAL,v2,Caltech,0.6791666666666666,0.65,0.6333333333333333,0.5333333333333333,0.82,0.45,0.8166666666666667,0.6969861268997193,14.63181266784668,2.250217539923532,34.4,32258.0,7.4,run_20260620_073443
within_site,AAL,v2,KKI,0.8433333333333334,0.6392857142857142,0.6966666666666667,0.6627705627705628,0.8761904761904763,0.5933333333333334,0.8,0.7387344002723694,16.122263622283935,2.1577554089682445,36.0,32258.0,7.8,run_20260620_073443
within_site,AAL,v2,Leuven,0.7271428571428572,0.5730769230769229,0.5980952380952381,0.4984126984126984,0.5789682539682539,0.5095238095238096,0.6866666666666668,0.6464475870132447,25.010934400558465,3.1816617036477113,33.4,32258.0,12.2,run_20260620_073443
within_site,AAL,v2,MaxMun,0.4225,0.4722222222222222,0.4616666666666667,0.5533333333333333,0.5476190476190476,0.59,0.3333333333333333,0.4778178155422211,11.563368988037107,2.2072308593326144,23.2,32258.0,8.4,run_20260620_073443
within_site,AAL,v2,NYU,0.7081453634085213,0.6546218487394958,0.6511027568922305,0.6810848850423988,0.7148809523809524,0.6631578947368422,0.639047619047619,0.5287052035331726,56.659442567825316,3.0724093493293307,27.2,32258.0,34.2,run_20260620_073443
within_site,AAL,v2,OHSU,0.8,0.61,0.6166666666666666,0.6066666666666667,0.6333333333333333,0.6666666666666666,0.5666666666666667,0.5061810910701752,5.46443018913269,1.8471741676330569,21.4,32258.0,4.6,run_20260620_073443
within_site,AAL,v2,Olin,0.8333333333333334,0.68,0.6333333333333333,0.36,0.4,0.3333333333333333,0.9333333333333332,0.5314566195011139,7.308368396759032,1.9662094116210935,25.8,32258.0,5.0,run_20260620_073443
within_site,AAL,v2,Pitt,0.8200000000000001,0.6888888888888889,0.7,0.5954545454545455,0.6571428571428571,0.62,0.78,0.6873284876346588,17.33270659446716,2.508873409695095,33.0,32258.0,9.0,run_20260620_073443
within_site,AAL,v2,SBL,0.6888888888888889,0.5733333333333333,0.5833333333333333,0.6119047619047621,0.6799999999999999,0.7666666666666666,0.4,0.5011243343353271,6.542236709594728,2.0343828201293945,22.8,32258.0,5.2,run_20260620_073443
within_site,AAL,v2,SDSU,0.7833333333333333,0.6190476190476191,0.595,0.6647619047619047,0.6866666666666666,0.6900000000000001,0.5,0.5225823879241943,7.536947107315062,1.8712327593848816,21.0,32258.0,6.6,run_20260620_073443
within_site,AAL,v2,Stanford,0.6291666666666667,0.525,0.5249999999999999,0.5038095238095238,0.5866666666666667,0.4666666666666666,0.5833333333333333,0.5188894748687745,9.55749568939209,2.003215891974313,22.6,32258.0,7.2,run_20260620_073443
within_site,AAL,v2,Trinity,0.6,0.5638888888888889,0.5700000000000001,0.4380952380952381,0.5666666666666667,0.37,0.77,0.5587660908699036,13.45182819366455,1.978478166792128,27.2,32258.0,8.8,run_20260620_073443
within_site,AAL,v2,UCLA,0.7,0.64,0.6339285714285714,0.6098412698412699,0.77,0.5821428571428571,0.6857142857142857,0.5606646239757538,24.14943466186524,3.0855941772460938,26.0,32258.0,15.0,run_20260620_073443
within_site,AAL,v2,UM,0.7150427350427351,0.5928853754940712,0.6288888888888888,0.4683365330321852,0.8677777777777778,0.4,0.8577777777777778,0.7005137503147125,44.0509647846222,2.7988539382874262,33.4,32258.0,22.6,run_20260620_073443
within_site,AAL,v2,USM,0.7528571428571429,0.7025641025641025,0.62,0.3133333333333333,0.5428571428571429,0.29,0.95,0.7944974064826965,33.70791273117065,2.9906853651389103,45.2,32258.0,12.2,run_20260620_073443
within_site,AAL,v2,Yale,0.591,0.5022222222222222,0.5216666666666667,0.41984126984126985,0.6857142857142857,0.3533333333333333,0.6900000000000001,0.6225878357887268,17.045790338516234,2.6360999213324647,31.2,32258.0,9.6,run_20260620_073443
pooled_cv,Schaefer100,v1,1,0.6756097560975609,0.615819209039548,0.6170731707317073,0.6263736263736264,0.6551724137931034,0.6,0.6341463414634146,0.5900212526321411,219.87956953048703,2.344399522253349,24.0,30210.0,177.0,run_20260620_073443
pooled_cv,Schaefer100,v1,2,0.6672657252888318,0.655367231638418,0.6555840821566109,0.6702702702702703,0.6888888888888889,0.6526315789473685,0.6585365853658537,0.33488431572914124,703.6000304222107,2.51801000476557,75.0,30210.0,177.0,run_20260620_073443
pooled_cv,Schaefer100,v1,3,0.6251604621309371,0.5932203389830508,0.5868421052631578,0.64,0.6095238095238096,0.6736842105263158,0.5,0.3737226724624634,216.86978888511658,2.4791854923054317,23.0,30210.0,177.0,run_20260620_073443
pooled_cv,Schaefer100,v1,4,0.694187242798354,0.6440677966101694,0.6410108024691359,0.6735751295336787,0.6701030927835051,0.6770833333333334,0.6049382716049383,0.4058016240596771,218.78266954422,2.3561143605722545,24.0,30210.0,177.0,run_20260620_073443
pooled_cv,Schaefer100,v1,5,0.6855100714749839,0.6534090909090909,0.6498375568551007,0.6839378238341969,0.6734693877551021,0.6947368421052632,0.6049382716049383,0.4744960367679596,202.02254486083984,2.297423102638938,22.0,30210.0,176.0,run_20260620_073443
loso,Schaefer100,v1,CMU,0.6666666666666667,0.4,0.3333333333333333,0.0,0.0,0.0,0.6666666666666666,0.3393037021160126,510.6397929191589,1.471710205078125,51.0,30210.0,5.0,run_20260620_073443
loso,Schaefer100,v1,Caltech,0.6695906432748538,0.5945945945945946,0.5935672514619883,0.5714285714285715,0.5882352941176471,0.5555555555555556,0.631578947368421,0.4586639404296875,273.2043616771698,2.3993543676427893,27.0,30210.0,37.0,run_20260620_073443
loso,Schaefer100,v1,KKI,0.5925925925925926,0.5128205128205128,0.5324074074074074,0.5777777777777777,0.7222222222222222,0.4814814814814815,0.5833333333333334,0.6106873750686646,207.6598219871521,2.093718602107121,21.0,30210.0,39.0,run_20260620_073443
loso,Schaefer100,v1,Leuven,0.7200435729847494,0.7377049180327869,0.7113289760348583,0.7999999999999999,0.6956521739130435,0.9411764705882352,0.4814814814814815,0.5065028071403503,236.4430432319641,2.4354145175120867,24.0,30210.0,61.0,run_20260620_073443
loso,Schaefer100,v1,MaxMun,0.5787037037037037,0.5952380952380952,0.5902777777777778,0.6382978723404256,0.6521739130434783,0.625,0.5555555555555556,0.3775234222412109,395.6191232204437,2.412341889880953,40.0,30210.0,42.0,run_20260620_073443
loso,Schaefer100,v1,NYU,0.6982107911657814,0.6432748538011696,0.6415991053955828,0.6772486772486773,0.7032967032967034,0.6530612244897959,0.6301369863013698,0.7324525117874146,372.5787036418915,3.0248304556684884,40.0,30210.0,171.0,run_20260620_073443
loso,Schaefer100,v1,OHSU,0.7196969696969697,0.6086956521739131,0.6136363636363636,0.64,0.5714285714285714,0.7272727272727273,0.5,0.3902057707309723,270.3558626174927,2.1317005157470703,27.0,30210.0,23.0,run_20260620_073443
loso,Schaefer100,v1,Olin,0.6493506493506493,0.64,0.6396103896103896,0.6086956521739131,0.5833333333333334,0.6363636363636364,0.6428571428571429,0.4922298192977905,875.4281270503998,2.0868873596191406,88.0,30210.0,25.0,run_20260620_073443
loso,Schaefer100,v1,Pitt,0.7154150197628458,0.6222222222222222,0.6195652173913043,0.6666666666666666,0.6071428571428571,0.7391304347826086,0.5,0.4045586585998535,256.2273662090301,2.269834942287869,26.0,30210.0,45.0,run_20260620_073443
loso,Schaefer100,v1,SBL,0.6488095238095238,0.5,0.5178571428571428,0.5806451612903226,0.4736842105263158,0.75,0.2857142857142857,0.5521758198738098,216.3528959751129,2.160053986769456,22.0,30210.0,26.0,run_20260620_073443
loso,Schaefer100,v1,SDSU,0.7619047619047619,0.6666666666666666,0.6845238095238095,0.7027027027027026,0.8125,0.6190476190476191,0.75,0.5059801936149597,216.20594692230225,2.236402395999793,22.0,30210.0,33.0,run_20260620_073443
loso,Schaefer100,v1,Stanford,0.7956656346749225,0.6388888888888888,0.6547987616099071,0.5185185185185185,0.875,0.3684210526315789,0.9411764705882352,0.4792941212654114,345.9485487937927,2.19747092988756,35.0,30210.0,36.0,run_20260620_073443
loso,Schaefer100,v1,Trinity,0.7432712215320911,0.5909090909090909,0.5921325051759834,0.5909090909090909,0.6190476190476191,0.5652173913043478,0.6190476190476191,0.4758470952510834,226.8274164199829,2.352654933929444,23.0,30210.0,44.0,run_20260620_073443
loso,Schaefer100,v1,UCLA,0.693019943019943,0.6533333333333333,0.6474358974358974,0.7045454545454547,0.6326530612244898,0.7948717948717948,0.5,0.3885689079761505,232.89075803756714,2.50179926554362,24.0,30210.0,75.0,run_20260620_073443
loso,Schaefer100,v1,UM,0.7217948717948719,0.5752212389380531,0.6171474358974359,0.4782608695652174,0.8148148148148148,0.3384615384615385,0.8958333333333334,0.5170167088508606,206.19508504867557,3.1122275158367327,21.0,30210.0,113.0,run_20260620_073443
loso,Schaefer100,v1,USM,0.7620137299771167,0.6721311475409836,0.6767734553775744,0.6153846153846154,0.5517241379310345,0.6956521739130435,0.6578947368421053,0.5441803932189941,223.9308021068573,2.307004615908764,23.0,30210.0,61.0,run_20260620_073443
loso,Schaefer100,v1,Yale,0.7272727272727273,0.7916666666666666,0.7797202797202798,0.8275862068965517,0.75,0.9230769230769232,0.6363636363636364,0.5461483001708984,213.6479547023773,3.0704339345296225,22.0,30210.0,48.0,run_20260620_073443
within_site,Schaefer100,v1,Caltech,0.6,0.4607142857142857,0.475,0.3133333333333333,0.4,0.35,0.6,0.5050135612487793,8.305549001693725,1.699842725481306,21.8,30210.0,7.4,run_20260620_073443
within_site,Schaefer100,v1,KKI,0.61,0.5607142857142857,0.5566666666666666,0.6214652014652015,0.7961904761904762,0.5466666666666666,0.5666666666666667,0.6589196205139161,12.010107564926148,1.6180600438799175,31.4,30210.0,7.8,run_20260620_073443
within_site,Schaefer100,v1,Leuven,0.7012698412698414,0.5717948717948718,0.5866666666666667,0.5489177489177489,0.6873015873015873,0.5666666666666667,0.6066666666666667,0.5481544494628906,19.897489976882934,2.177343001732459,30.6,30210.0,12.2,run_20260620_073443
within_site,Schaefer100,v1,MaxMun,0.5666666666666667,0.525,0.4916666666666667,0.5897435897435896,0.5785714285714285,0.65,0.3333333333333333,0.4844952523708344,10.603852033615114,1.6996959845225017,25.0,30210.0,8.4,run_20260620_073443
within_site,Schaefer100,v1,NYU,0.6931228070175438,0.6141176470588234,0.6396741854636592,0.5616143317230273,0.8047619047619048,0.4831578947368421,0.7961904761904762,0.7827582776546478,69.87295222282411,2.719046007685301,39.6,30210.0,34.2,run_20260620_073443
within_site,Schaefer100,v1,OHSU,0.7166666666666666,0.65,0.65,0.6076190476190476,0.5333333333333333,0.7333333333333333,0.5666666666666667,0.5598064601421356,5.589864873886109,1.5235519409179688,24.6,30210.0,4.6,run_20260620_073443
within_site,Schaefer100,v1,Olin,0.7333333333333334,0.68,0.6666666666666666,0.5533333333333333,0.6333333333333333,0.5333333333333333,0.7999999999999999,0.5368131458759308,5.447125434875488,1.49810791015625,23.2,30210.0,5.0,run_20260620_073443
within_site,Schaefer100,v1,Pitt,0.9,0.6222222222222222,0.635,0.4515873015873016,0.55,0.4,0.8699999999999999,0.6719771742820739,14.695388031005859,1.6361872355143228,33.6,30210.0,9.0,run_20260620_073443
within_site,Schaefer100,v1,SBL,0.5444444444444445,0.5333333333333333,0.5166666666666667,0.44333333333333336,0.3866666666666666,0.5333333333333333,0.4999999999999999,0.519056749343872,5.156168460845947,1.6675837834676108,21.0,30210.0,5.2,run_20260620_073443
within_site,Schaefer100,v1,SDSU,0.675,0.4619047619047619,0.4783333333333333,0.4071428571428571,0.5366666666666666,0.39,0.5666666666666667,0.5668112397193908,8.125599145889282,1.7343555177961076,26.2,30210.0,6.6,run_20260620_073443
within_site,Schaefer100,v1,Stanford,0.7708333333333333,0.55,0.5666666666666667,0.5733333333333334,0.6857142857142857,0.6,0.5333333333333333,0.5759212136268616,9.252603578567506,1.8214881420135496,26.6,30210.0,7.2,run_20260620_073443
within_site,Schaefer100,v1,Trinity,0.6824999999999999,0.4777777777777778,0.48,0.16999999999999998,0.18666666666666668,0.16,0.8,0.752656900882721,17.49881706237793,1.93855431344774,40.2,30210.0,8.8,run_20260620_073443
within_site,Schaefer100,v1,UCLA,0.6714285714285715,0.5599999999999999,0.575,0.3808547008547009,0.6761904761904762,0.3142857142857143,0.8357142857142857,0.7632193684577941,27.158868980407714,2.422157923380534,35.8,30210.0,15.0,run_20260620_073443
within_site,Schaefer100,v1,UM,0.7052991452991455,0.5758893280632409,0.5824786324786325,0.6025266156845104,0.6947052947052946,0.5538461538461539,0.6111111111111109,0.6023588180541992,31.657480669021613,2.3771024975380874,28.0,30210.0,22.6,run_20260620_073443
within_site,Schaefer100,v1,USM,0.7741071428571429,0.6564102564102564,0.5721428571428572,0.2427350427350428,0.225,0.28,0.8642857142857142,0.6995898842811584,20.98640356063843,2.1104522240467563,33.4,30210.0,12.2,run_20260620_073443
within_site,Schaefer100,v1,Yale,0.6723333333333333,0.5155555555555555,0.5250000000000001,0.4333333333333333,0.5761904761904761,0.42,0.63,0.5937003254890442,14.459247779846189,1.7555411656697588,30.6,30210.0,9.6,run_20260620_073443
pooled_cv,Schaefer100,v2,1,0.6682926829268293,0.5932203389830508,0.5943517329910142,0.6043956043956045,0.632183908045977,0.5789473684210527,0.6097560975609756,0.3947450518608093,229.48079013824463,2.4761520536605923,25.0,30210.0,177.0,run_20260620_073443
pooled_cv,Schaefer100,v2,2,0.6749679075738126,0.6327683615819211,0.6286906290115533,0.6666666666666667,0.65,0.6842105263157895,0.573170731707317,0.5335373878479004,196.91806554794312,2.4720113829704333,22.0,30210.0,177.0,run_20260620_073443
pooled_cv,Schaefer100,v2,3,0.6599486521181,0.6271186440677966,0.6250962772785622,0.6526315789473685,0.6526315789473685,0.6526315789473685,0.5975609756097561,0.4657398760318756,193.91295266151428,3.0152097260211153,21.0,30210.0,177.0,run_20260620_073443
pooled_cv,Schaefer100,v2,4,0.6814557613168725,0.6384180790960452,0.640625,0.6483516483516484,0.686046511627907,0.6145833333333334,0.6666666666666666,0.4917503297328949,220.13574504852292,2.50539537203514,24.0,30210.0,177.0,run_20260620_073443
pooled_cv,Schaefer100,v2,5,0.6766731643924626,0.6420454545454546,0.643859649122807,0.6519337016574586,0.686046511627907,0.6210526315789474,0.6666666666666666,0.4432253837585449,212.915463924408,2.8682554310018364,23.0,30210.0,176.0,run_20260620_073443
loso,Schaefer100,v2,CMU,0.5,0.6,0.5,0.0,0.0,0.0,1.0,0.487809956073761,207.29993891716003,1.5584468841552734,21.0,30210.0,5.0,run_20260620_073443
loso,Schaefer100,v2,Caltech,0.6286549707602339,0.5675675675675675,0.5614035087719298,0.42857142857142855,0.6,0.3333333333333333,0.7894736842105263,0.3672520816326141,265.1117699146271,3.2882948179502747,27.0,30210.0,37.0,run_20260620_073443
loso,Schaefer100,v2,KKI,0.5956790123456791,0.5128205128205128,0.5555555555555556,0.5581395348837209,0.75,0.4444444444444444,0.6666666666666666,0.5431084632873535,199.03163170814514,2.2412630227895884,21.0,30210.0,39.0,run_20260620_073443
loso,Schaefer100,v2,Leuven,0.6971677559912853,0.639344262295082,0.630718954248366,0.6857142857142857,0.6666666666666666,0.7058823529411765,0.5555555555555556,0.7575837969779968,558.0725569725037,2.2907608845194827,59.0,30210.0,61.0,run_20260620_073443
loso,Schaefer100,v2,MaxMun,0.6689814814814814,0.6428571428571429,0.6458333333333333,0.6666666666666666,0.7142857142857143,0.625,0.6666666666666666,0.5254623889923096,271.8460144996643,2.37081732068743,28.0,30210.0,42.0,run_20260620_073443
loso,Schaefer100,v2,NYU,0.6850712887894884,0.6023391812865497,0.6006429969247973,0.6382978723404255,0.6666666666666666,0.6122448979591837,0.589041095890411,0.5433194637298584,225.83479499816892,2.432448125024985,25.0,30210.0,171.0,run_20260620_073443
loso,Schaefer100,v2,OHSU,0.6818181818181819,0.5652173913043478,0.5681818181818181,0.5833333333333334,0.5384615384615384,0.6363636363636364,0.5,0.22725148499011996,471.78615856170654,2.7093472688094433,49.0,30210.0,23.0,run_20260620_073443
loso,Schaefer100,v2,Olin,0.6883116883116883,0.6,0.5941558441558441,0.5454545454545454,0.5454545454545454,0.5454545454545454,0.6428571428571429,0.35811394453048706,294.74408721923834,2.6728057861328125,30.0,30210.0,25.0,run_20260620_073443
loso,Schaefer100,v2,Pitt,0.575098814229249,0.4666666666666667,0.4624505928853755,0.5555555555555556,0.4838709677419355,0.6521739130434783,0.2727272727272727,0.7676871418952942,307.1259219646454,2.39922735426161,32.0,30210.0,45.0,run_20260620_073443
loso,Schaefer100,v2,SBL,0.7916666666666666,0.6538461538461539,0.6666666666666667,0.6896551724137931,0.5882352941176471,0.8333333333333334,0.5,0.5421872735023499,200.2092788219452,2.0939753605769234,21.0,30210.0,26.0,run_20260620_073443
loso,Schaefer100,v2,SDSU,0.7777777777777778,0.696969696969697,0.6547619047619048,0.7727272727272727,0.7391304347826086,0.8095238095238095,0.5,0.5056154727935791,224.7607364654541,3.1021291559392754,23.0,30210.0,33.0,run_20260620_073443
loso,Schaefer100,v2,Stanford,0.7585139318885449,0.5,0.5201238390092879,0.25,0.6,0.15789473684210525,0.8823529411764706,0.7762838006019592,341.74861979484564,2.9414627287122936,35.0,30210.0,36.0,run_20260620_073443
loso,Schaefer100,v2,Trinity,0.805383022774327,0.7272727272727273,0.7308488612836439,0.7142857142857143,0.7894736842105263,0.6521739130434783,0.8095238095238095,0.4182538092136383,209.6136510372162,3.1028606674887915,22.0,30210.0,44.0,run_20260620_073443
loso,Schaefer100,v2,UCLA,0.7393162393162392,0.6933333333333334,0.6923076923076923,0.7088607594936709,0.7,0.7179487179487181,0.6666666666666666,0.5836998820304871,219.22861242294312,2.41512934366862,23.0,30210.0,75.0,run_20260620_073443
loso,Schaefer100,v2,UM,0.7602564102564102,0.7345132743362832,0.7501602564102564,0.736842105263158,0.8571428571428571,0.6461538461538462,0.8541666666666666,0.386481374502182,208.64459228515625,2.158445594585048,23.0,30210.0,113.0,run_20260620_073443
loso,Schaefer100,v2,USM,0.7551487414187643,0.6885245901639344,0.664187643020595,0.5777777777777778,0.5909090909090909,0.5652173913043478,0.7631578947368421,0.9765998721122742,400.48275351524353,2.640603018588707,41.0,30210.0,61.0,run_20260620_073443
loso,Schaefer100,v2,Yale,0.6940559440559441,0.7083333333333334,0.7027972027972028,0.7407407407407408,0.7142857142857143,0.7692307692307693,0.6363636363636364,0.4666777849197388,270.19104290008545,2.3276805877685547,28.0,30210.0,48.0,run_20260620_073443
within_site,Schaefer100,v2,Caltech,0.7458333333333333,0.6607142857142858,0.6583333333333332,0.5480952380952381,0.6,0.5333333333333333,0.7833333333333333,0.5134172081947327,8.251386499404907,1.5153092997414723,22.6,30210.0,7.4,run_20260620_073443
within_site,Schaefer100,v2,KKI,0.7566666666666667,0.5607142857142857,0.59,0.5930735930735931,0.8666666666666666,0.5133333333333334,0.6666666666666666,0.7302822351455689,13.362628507614136,1.7559417656489782,35.2,30210.0,7.8,run_20260620_073443
within_site,Schaefer100,v2,Leuven,0.6806349206349205,0.5089743589743589,0.531904761904762,0.4374603174603175,0.6142857142857142,0.3904761904761904,0.6733333333333333,0.7458509087562561,24.10332608222961,2.706435704842592,38.4,30210.0,12.2,run_20260620_073443
within_site,Schaefer100,v2,MaxMun,0.6141666666666666,0.575,0.6066666666666667,0.4647619047619049,0.7933333333333333,0.38,0.8333333333333333,0.4930470407009125,10.160909414291384,1.7293168438805473,24.4,30210.0,8.4,run_20260620_073443
within_site,Schaefer100,v2,NYU,0.6470401002506266,0.5957983193277311,0.6020300751879699,0.6000609700609699,0.6831232492997199,0.5726315789473684,0.6314285714285715,0.6037996709346771,53.75214719772339,2.4498538009258883,30.4,30210.0,34.2,run_20260620_073443
within_site,Schaefer100,v2,OHSU,0.65,0.67,0.6666666666666666,0.5466666666666666,0.6,0.5666666666666667,0.7666666666666666,0.5177562952041626,5.58735089302063,1.6790628433227541,25.2,30210.0,4.6,run_20260620_073443
within_site,Schaefer100,v2,Olin,0.6,0.52,0.5166666666666666,0.38,0.5166666666666666,0.36666666666666653,0.6666666666666666,0.5636151313781739,5.950526142120363,1.474761962890625,25.4,30210.0,5.0,run_20260620_073443
within_site,Schaefer100,v2,Pitt,0.63,0.5777777777777777,0.5950000000000001,0.4631746031746031,0.5,0.46,0.73,0.6417413353919983,12.35393009185791,1.6698890262179904,29.2,30210.0,9.0,run_20260620_073443
within_site,Schaefer100,v2,SBL,0.5888888888888889,0.54,0.55,0.2333333333333333,0.2,0.3,0.8,0.5088944971561432,5.248247814178467,1.5953493118286133,21.8,30210.0,5.2,run_20260620_073443
within_site,Schaefer100,v2,SDSU,0.61,0.6,0.58,0.68,0.7266666666666666,0.6599999999999999,0.5,0.4956300973892212,6.372339582443237,1.6772815159388952,21.2,30210.0,6.6,run_20260620_073443
within_site,Schaefer100,v2,Stanford,0.7999999999999999,0.575,0.575,0.6073593073593073,0.660952380952381,0.6333333333333333,0.5166666666666667,0.5241205453872679,7.754344129562378,1.690831354686192,22.4,30210.0,7.2,run_20260620_073443
within_site,Schaefer100,v2,Trinity,0.78,0.55,0.575,0.33142857142857146,0.3666666666666666,0.34,0.8099999999999999,0.7889302611351013,17.67782564163208,1.7962051762474909,40.8,30210.0,8.8,run_20260620_073443
within_site,Schaefer100,v2,UCLA,0.575,0.4933333333333334,0.4946428571428572,0.3563916475681181,0.5777777777777777,0.3035714285714285,0.6857142857142857,0.7074996590614319,25.971567344665534,2.4878978729248047,34.2,30210.0,15.0,run_20260620_073443
within_site,Schaefer100,v2,UM,0.6883760683760684,0.58300395256917,0.5994017094017094,0.5492732919254658,0.6433333333333333,0.5076923076923078,0.6911111111111111,0.689190661907196,36.16995501518249,2.2146666945204907,32.8,30210.0,22.6,run_20260620_073443
within_site,Schaefer100,v2,USM,0.655,0.5897435897435898,0.5157142857142857,0.20307692307692307,0.3,0.21,0.8214285714285715,0.7226602911949158,21.49970269203186,2.3067333759405684,34.6,30210.0,12.2,run_20260620_073443
within_site,Schaefer100,v2,Yale,0.8113333333333334,0.6599999999999999,0.655,0.6593073593073593,0.7261904761904762,0.72,0.5900000000000001,0.5823325574398039,12.760748958587644,1.6533782747056749,28.2,30210.0,9.6,run_20260620_073443
pooled_cv,Schaefer200,v1,1,0.7337612323491655,0.655367231638418,0.6630937098844673,0.6347305389221557,0.7361111111111112,0.5578947368421052,0.7682926829268293,0.5416298508644104,880.304102897644,6.185500635265631,42.0,43010.0,177.0,run_20260620_073443
pooled_cv,Schaefer200,v1,2,0.7098844672657252,0.6666666666666666,0.6577663671373556,0.7149758454106279,0.6607142857142857,0.7789473684210526,0.5365853658536586,0.08502786606550218,919.536972284317,6.115322059157204,44.0,43010.0,177.0,run_20260620_073443
pooled_cv,Schaefer200,v1,3,0.7128369704749679,0.6666666666666666,0.6719512195121949,0.6589595375722542,0.7307692307692307,0.6,0.7439024390243902,0.4876463413238525,542.6688406467438,6.5260135521323,26.0,43010.0,177.0,run_20260620_073443
pooled_cv,Schaefer200,v1,4,0.7222222222222222,0.6610169491525424,0.6585648148148149,0.6875,0.6875,0.6875,0.6296296296296297,0.3692474961280823,503.9043514728546,6.345915929072322,24.0,43010.0,177.0,run_20260620_073443
pooled_cv,Schaefer200,v1,5,0.756335282651072,0.6875,0.6868745938921378,0.7058823529411765,0.7173913043478259,0.6947368421052632,0.6790123456790124,0.4837880730628967,482.6374135017395,6.405284458940679,23.0,43010.0,176.0,run_20260620_073443
loso,Schaefer200,v1,CMU,0.6666666666666667,0.8,0.75,0.6666666666666666,1.0,0.5,1.0,0.4831558465957642,566.8496127128601,4.6463966369628915,25.0,43010.0,5.0,run_20260620_073443
loso,Schaefer200,v1,Caltech,0.7719298245614036,0.7567567567567568,0.7573099415204678,0.7567567567567567,0.7368421052631579,0.7777777777777778,0.7368421052631579,0.5730653405189514,1032.868070602417,6.7025713018468895,46.0,43010.0,37.0,run_20260620_073443
loso,Schaefer200,v1,KKI,0.8333333333333333,0.5897435897435898,0.6805555555555556,0.6,0.9230769230769232,0.4444444444444444,0.9166666666666666,0.9207525253295898,686.2085897922516,5.818091906034028,31.0,43010.0,39.0,run_20260620_073443
loso,Schaefer200,v1,Leuven,0.7952069716775599,0.7540983606557377,0.7374727668845316,0.8,0.7317073170731707,0.8823529411764706,0.5925925925925926,0.5024380683898926,1570.8637022972107,6.881670873673237,71.0,43010.0,61.0,run_20260620_073443
loso,Schaefer200,v1,MaxMun,0.6458333333333334,0.5714285714285714,0.6180555555555556,0.4375000000000001,0.875,0.2916666666666667,0.9444444444444444,0.9779982566833496,1366.2744388580322,6.593976702008929,61.0,43010.0,42.0,run_20260620_073443
loso,Schaefer200,v1,NYU,0.7275649986021806,0.5789473684210527,0.6029493989376572,0.5443037974683543,0.7166666666666667,0.4387755102040816,0.7671232876712328,0.6487591862678528,521.936963558197,6.075613679941634,25.0,43010.0,171.0,run_20260620_073443
loso,Schaefer200,v1,OHSU,0.6590909090909091,0.5217391304347826,0.5227272727272727,0.5217391304347826,0.5,0.5454545454545454,0.5,0.15125380456447599,987.2029228210448,6.414195765619692,44.0,43010.0,23.0,run_20260620_073443
loso,Schaefer200,v1,Olin,0.7922077922077922,0.64,0.6590909090909092,0.6666666666666666,0.5625,0.8181818181818182,0.5,0.9634597301483154,919.864947795868,6.1986351013183585,41.0,43010.0,25.0,run_20260620_073443
loso,Schaefer200,v1,Pitt,0.7964426877470356,0.7111111111111111,0.7104743083003953,0.7234042553191491,0.7083333333333334,0.7391304347826086,0.6818181818181818,0.7339750528335571,800.9210250377655,6.449588139851887,36.0,43010.0,45.0,run_20260620_073443
loso,Schaefer200,v1,SBL,0.7559523809523808,0.6538461538461539,0.6726190476190476,0.7096774193548387,0.5789473684210527,0.9166666666666666,0.42857142857142855,0.4436289370059967,494.0558407306671,5.585963909442609,22.0,43010.0,26.0,run_20260620_073443
loso,Schaefer200,v1,SDSU,0.7103174603174603,0.7272727272727273,0.7142857142857142,0.7804878048780488,0.8,0.7619047619047619,0.6666666666666666,0.4432237148284912,493.2925202846527,6.567391482266513,22.0,43010.0,33.0,run_20260620_073443
loso,Schaefer200,v1,Stanford,0.7275541795665635,0.6388888888888888,0.6486068111455108,0.5806451612903226,0.75,0.4736842105263158,0.8235294117647058,0.33751943707466125,849.6316125392914,6.183558040195043,38.0,43010.0,36.0,run_20260620_073443
loso,Schaefer200,v1,Trinity,0.8053830227743272,0.7272727272727273,0.7329192546583851,0.7,0.8235294117647058,0.6086956521739131,0.8571428571428571,0.498745858669281,1064.7040796279907,6.042442538521508,48.0,43010.0,44.0,run_20260620_073443
loso,Schaefer200,v1,UCLA,0.7386039886039886,0.6933333333333334,0.6901709401709402,0.7228915662650602,0.6818181818181818,0.7692307692307693,0.6111111111111112,0.5886092185974121,566.2467985153197,5.807921091715496,26.0,43010.0,75.0,run_20260620_073443
loso,Schaefer200,v1,UM,0.7993589743589743,0.7079646017699115,0.7080128205128206,0.736,0.7666666666666667,0.7076923076923077,0.7083333333333334,0.3944914638996124,477.1959042549133,6.274822538932867,22.0,43010.0,113.0,run_20260620_073443
loso,Schaefer200,v1,USM,0.7734553775743707,0.7377049180327869,0.7551487414187643,0.7037037037037037,0.6129032258064516,0.8260869565217391,0.6842105263157895,0.5430009961128235,508.66976261138916,7.0535394011950885,23.0,43010.0,61.0,run_20260620_073443
loso,Schaefer200,v1,Yale,0.8199300699300699,0.8125,0.8094405594405594,0.8301886792452831,0.8148148148148148,0.8461538461538461,0.7727272727272727,0.4705654978752136,578.0111768245698,6.654421488444012,26.0,43010.0,48.0,run_20260620_073443
within_site,Schaefer200,v1,Caltech,0.45,0.4892857142857142,0.4749999999999999,0.38380952380952377,0.4666666666666666,0.3333333333333333,0.6166666666666667,0.5698617160320282,21.821788597106934,6.281641551426478,24.4,43010.0,7.4,run_20260620_073443
within_site,Schaefer200,v1,KKI,0.6633333333333333,0.4857142857142857,0.5966666666666667,0.4056277056277057,0.6333333333333333,0.3266666666666667,0.8666666666666666,0.795391321182251,32.077862644195555,4.874070201601301,36.0,43010.0,7.8,run_20260620_073443
within_site,Schaefer200,v1,Leuven,0.7238095238095238,0.5230769230769231,0.5609523809523809,0.38307692307692304,0.7666666666666666,0.2952380952380952,0.8266666666666668,0.6849277973175049,44.918488550186154,6.527953575818968,30.8,43010.0,12.2,run_20260620_073443
within_site,Schaefer200,v1,MaxMun,0.6841666666666667,0.4972222222222222,0.5183333333333333,0.44502164502164504,0.4690476190476191,0.47,0.5666666666666667,0.5970663785934448,29.72734651565552,5.8881905343797465,29.4,43010.0,8.4,run_20260620_073443
within_site,Schaefer200,v1,NYU,0.7056666666666668,0.5907563025210084,0.6199749373433583,0.5262429923720247,0.7720950102529051,0.4294736842105264,0.8104761904761905,0.7098224520683288,122.60378212928772,6.395836958364277,30.0,43010.0,34.2,run_20260620_073443
within_site,Schaefer200,v1,OHSU,0.7666666666666667,0.4400000000000001,0.4333333333333333,0.16,0.16666666666666666,0.16666666666666666,0.7,0.5321204841136933,12.027092885971069,4.1237759590148935,24.0,43010.0,4.6,run_20260620_073443
within_site,Schaefer200,v1,Olin,0.7666666666666668,0.6,0.6,0.36,0.3333333333333333,0.4,0.7999999999999999,0.5729843020439148,14.05871810913086,4.651708602905273,26.4,43010.0,5.0,run_20260620_073443
within_site,Schaefer200,v1,Pitt,0.8400000000000001,0.6222222222222221,0.635,0.4476190476190477,0.6833333333333333,0.36,0.91,0.8131063222885132,37.40017504692078,6.040869818793403,36.2,43010.0,9.0,run_20260620_073443
within_site,Schaefer200,v1,SBL,0.6111111111111112,0.5333333333333334,0.55,0.36,0.31666666666666665,0.4333333333333333,0.6666666666666666,0.6334959268569946,15.984187459945678,4.193077087402344,28.2,43010.0,5.2,run_20260620_073443
within_site,Schaefer200,v1,SDSU,0.7133333333333333,0.4809523809523809,0.5166666666666666,0.37777777777777777,0.38,0.4,0.6333333333333333,0.6822238147258759,25.275730657577515,5.805886359441849,32.2,43010.0,6.6,run_20260620_073443
within_site,Schaefer200,v1,Stanford,0.7333333333333334,0.7178571428571427,0.6833333333333332,0.6533333333333334,0.5800000000000001,0.75,0.6166666666666666,0.568958330154419,19.809309101104734,5.287498235702515,24.4,43010.0,7.2,run_20260620_073443
within_site,Schaefer200,v1,Trinity,0.6375,0.5472222222222222,0.5549999999999999,0.4722655122655123,0.4733333333333333,0.48,0.63,0.578836989402771,24.368506383895873,6.207331021626789,23.6,43010.0,8.8,run_20260620_073443
within_site,Schaefer200,v1,UCLA,0.7178571428571429,0.5333333333333333,0.5428571428571429,0.3527272727272727,0.7666666666666666,0.28214285714285714,0.8035714285714285,0.7101962685585022,52.15222778320312,6.525411605834961,29.6,43010.0,15.0,run_20260620_073443
within_site,Schaefer200,v1,UM,0.7408547008547008,0.6363636363636364,0.6455555555555555,0.6418923871397635,0.7371212121212121,0.6,0.6911111111111109,0.636712908744812,88.40094804763794,6.069567552197121,34.0,43010.0,22.6,run_20260620_073443
within_site,Schaefer200,v1,USM,0.6855357142857142,0.641025641025641,0.5857142857142856,0.3571428571428571,0.5057142857142857,0.35,0.8214285714285715,0.6821153402328491,41.5200749874115,6.47194110430204,28.6,43010.0,12.2,run_20260620_073443
within_site,Schaefer200,v1,Yale,0.718,0.5599999999999999,0.5783333333333334,0.4444444444444444,0.7833333333333333,0.3466666666666666,0.8099999999999999,0.5997138023376465,30.56273231506348,6.020072831047906,28.0,43010.0,9.6,run_20260620_073443
pooled_cv,Schaefer200,v2,1,0.7299101412066752,0.615819209039548,0.6229139922978177,0.5952380952380952,0.6849315068493149,0.5263157894736842,0.7195121951219512,0.23515768349170685,582.0894494056703,6.432111653904457,29.0,43010.0,177.0,run_20260620_073443
pooled_cv,Schaefer200,v2,2,0.7146341463414635,0.6949152542372882,0.691591784338896,0.7216494845360824,0.7070707070707071,0.7368421052631579,0.6463414634146342,0.5951395630836487,647.7403576374054,6.8760228022343695,32.0,43010.0,177.0,run_20260620_073443
pooled_cv,Schaefer200,v2,3,0.7098844672657253,0.6666666666666666,0.6619383825417202,0.7005076142131981,0.6764705882352942,0.7263157894736842,0.5975609756097561,0.6338365077972412,594.0765023231506,6.604220234068099,29.0,43010.0,177.0,run_20260620_073443
pooled_cv,Schaefer200,v2,4,0.7067901234567902,0.6384180790960452,0.638695987654321,0.6559139784946236,0.6777777777777778,0.6354166666666666,0.6419753086419753,0.4453724324703217,469.9689581394196,7.172922630094539,23.0,43010.0,177.0,run_20260620_073443
pooled_cv,Schaefer200,v2,5,0.7508771929824559,0.6704545454545454,0.6701754385964912,0.6881720430107526,0.7032967032967034,0.6736842105263158,0.6666666666666666,0.588051974773407,447.68850469589233,6.134503267028115,22.0,43010.0,176.0,run_20260620_073443
loso,Schaefer200,v2,CMU,0.6666666666666667,0.6,0.5833333333333333,0.5,0.5,0.5,0.6666666666666666,0.4805910289287567,457.7986052036285,4.57768440246582,21.0,43010.0,5.0,run_20260620_073443
loso,Schaefer200,v2,Caltech,0.7719298245614035,0.6486486486486487,0.6432748538011696,0.5517241379310345,0.7272727272727273,0.4444444444444444,0.8421052631578947,0.3457997143268585,559.1688385009767,6.0230719076620565,26.0,43010.0,37.0,run_20260620_073443
loso,Schaefer200,v2,KKI,0.8117283950617283,0.6923076923076923,0.7546296296296295,0.7272727272727272,0.9411764705882352,0.5925925925925926,0.9166666666666666,0.6318245530128479,517.6986770629883,6.188209240253156,24.0,43010.0,39.0,run_20260620_073443
loso,Schaefer200,v2,Leuven,0.8159041394335512,0.7377049180327869,0.7227668845315904,0.7837837837837837,0.725,0.8529411764705882,0.5925925925925926,0.15940748155117035,722.9644434452057,8.6119643977431,34.0,43010.0,61.0,run_20260620_073443
loso,Schaefer200,v2,MaxMun,0.6319444444444444,0.6190476190476191,0.625,0.6363636363636365,0.7,0.5833333333333334,0.6666666666666666,0.6227835416793823,583.1447064876556,5.891606921241398,27.0,43010.0,42.0,run_20260620_073443
loso,Schaefer200,v2,NYU,0.7395163544870003,0.6608187134502924,0.6708834218618954,0.6704545454545455,0.7564102564102564,0.6020408163265306,0.7397260273972602,0.7331258058547974,1468.600520849228,6.608247756958008,72.0,43010.0,171.0,run_20260620_073443
loso,Schaefer200,v2,OHSU,0.696969696969697,0.6086956521739131,0.5909090909090909,0.3076923076923077,1.0,0.18181818181818185,1.0,0.5720448493957521,477.7782521247864,5.8332837146261465,22.0,43010.0,23.0,run_20260620_073443
loso,Schaefer200,v2,Olin,0.7077922077922079,0.56,0.5584415584415584,0.5217391304347826,0.5,0.5454545454545454,0.5714285714285714,0.2904368937015533,827.9333417415619,6.271476745605469,38.0,43010.0,25.0,run_20260620_073443
loso,Schaefer200,v2,Pitt,0.8577075098814229,0.8,0.7984189723320159,0.8163265306122449,0.7692307692307693,0.8695652173913043,0.7272727272727273,0.4665702879428864,1126.9674799442294,6.123595767550999,52.0,43010.0,45.0,run_20260620_073443
loso,Schaefer200,v2,SBL,0.7380952380952381,0.5384615384615384,0.5595238095238095,0.625,0.5,0.8333333333333334,0.2857142857142857,0.247822180390358,553.7173848152162,6.013934428875262,25.0,43010.0,26.0,run_20260620_073443
loso,Schaefer200,v2,SDSU,0.7341269841269841,0.7272727272727273,0.6964285714285714,0.7906976744186046,0.7727272727272727,0.8095238095238095,0.5833333333333334,0.5645788908004761,529.0446455478668,6.657788247773143,24.0,43010.0,33.0,run_20260620_073443
loso,Schaefer200,v2,Stanford,0.761609907120743,0.6944444444444444,0.7043343653250773,0.6451612903225806,0.8333333333333334,0.5263157894736842,0.8823529411764706,0.5249210596084595,639.9428956508636,6.578220261467828,29.0,43010.0,36.0,run_20260620_073443
loso,Schaefer200,v2,Trinity,0.8633540372670807,0.8636363636363636,0.8654244306418221,0.8636363636363636,0.9047619047619048,0.8260869565217391,0.9047619047619048,0.4432410597801209,484.09554362297064,6.8201422691345215,22.0,43010.0,44.0,run_20260620_073443
loso,Schaefer200,v2,UCLA,0.7962962962962963,0.7066666666666667,0.7051282051282051,0.725,0.7073170731707317,0.7435897435897436,0.6666666666666666,0.4192700982093811,519.4599637985231,6.376190185546875,24.0,43010.0,75.0,run_20260620_073443
loso,Schaefer200,v2,UM,0.7641025641025642,0.6637168141592921,0.6858974358974359,0.6481481481481481,0.813953488372093,0.5384615384615384,0.8333333333333334,0.4385239481925965,449.5921471118927,6.510403303973442,21.0,43010.0,113.0,run_20260620_073443
loso,Schaefer200,v2,USM,0.7826086956521741,0.7377049180327869,0.6950800915331807,0.6,0.7058823529411765,0.5217391304347826,0.8684210526315791,0.9500427842140198,1031.4817984104156,6.411142036563059,47.0,43010.0,61.0,run_20260620_073443
loso,Schaefer200,v2,Yale,0.8059440559440559,0.7708333333333334,0.7604895104895104,0.8070175438596492,0.7419354838709677,0.8846153846153846,0.6363636363636364,0.08851558715105058,1119.7559142112732,6.4392735560735055,51.0,43010.0,48.0,run_20260620_073443
within_site,Schaefer200,v2,Caltech,0.6208333333333333,0.4892857142857142,0.4916666666666667,0.4571428571428571,0.5466666666666666,0.5,0.4833333333333333,0.5690829992294312,20.693665170669554,5.6698696953909735,23.6,43010.0,7.4,run_20260620_073443
within_site,Schaefer200,v2,KKI,0.6466666666666667,0.5892857142857142,0.5333333333333334,0.6603174603174602,0.7095238095238094,0.6666666666666666,0.4,0.5824322700500488,22.768826007843018,5.354186466761997,25.4,43010.0,7.8,run_20260620_073443
within_site,Schaefer200,v2,Leuven,0.7926984126984127,0.6397435897435897,0.6542857142857141,0.603113553113553,0.7761904761904762,0.5619047619047619,0.7466666666666666,0.5889000952243805,43.71579456329346,6.404467118092072,30.6,43010.0,12.2,run_20260620_073443
within_site,Schaefer200,v2,MaxMun,0.58,0.5277777777777778,0.5483333333333335,0.4264069264069265,0.6333333333333333,0.38,0.7166666666666667,0.5789629399776459,28.96581401824951,6.2203976843092175,29.0,43010.0,8.4,run_20260620_073443
within_site,Schaefer200,v2,NYU,0.7426140350877193,0.613781512605042,0.6455764411027569,0.523843857134475,0.8589371980676328,0.4521052631578947,0.8390476190476189,0.8796482920646668,202.78444247245793,6.539448810224774,49.8,43010.0,34.2,run_20260620_073443
within_site,Schaefer200,v2,OHSU,0.8333333333333334,0.6599999999999999,0.6333333333333333,0.5980952380952381,0.6833333333333333,0.6,0.6666666666666666,0.5102406740188599,11.027267265319825,4.093344211578368,22.0,43010.0,4.6,run_20260620_073443
within_site,Schaefer200,v2,Olin,0.8333333333333334,0.72,0.7,0.5266666666666666,0.7333333333333333,0.4666666666666666,0.9333333333333332,0.4777281522750855,11.190287876129153,4.295501708984375,21.2,43010.0,5.0,run_20260620_073443
within_site,Schaefer200,v2,Pitt,0.73,0.5555555555555556,0.5900000000000001,0.2787878787878788,0.3142857142857143,0.3,0.8800000000000001,0.7689730763435364,38.98404521942139,6.314478980170356,38.4,43010.0,9.0,run_20260620_073443
within_site,Schaefer200,v2,SBL,0.6777777777777778,0.5800000000000001,0.5666666666666667,0.26,0.3333333333333333,0.26666666666666666,0.8666666666666666,0.5105651199817658,13.05055866241455,4.85301653544108,23.4,43010.0,5.2,run_20260620_073443
within_site,Schaefer200,v2,SDSU,0.7983333333333333,0.5952380952380952,0.5716666666666667,0.6165656565656567,0.5542857142857144,0.71,0.4333333333333333,0.6052586317062378,21.920360136032105,5.24030299413772,29.2,43010.0,6.6,run_20260620_073443
within_site,Schaefer200,v2,Stanford,0.6958333333333333,0.525,0.5416666666666666,0.4966666666666666,0.74,0.4166666666666666,0.6666666666666666,0.5532966494560242,18.201625537872317,5.637225082942418,22.6,43010.0,7.2,run_20260620_073443
within_site,Schaefer200,v2,Trinity,0.6975,0.5444444444444445,0.5549999999999999,0.2333333333333333,0.2428571428571429,0.25,0.86,0.7100498676300049,34.7568359375,6.33063448799981,34.6,43010.0,8.8,run_20260620_073443
within_site,Schaefer200,v2,UCLA,0.6392857142857143,0.5466666666666666,0.5517857142857143,0.4646825396825397,0.4773809523809524,0.4607142857142858,0.6428571428571428,0.5502553999423979,43.6533745765686,6.008230845133465,24.6,43010.0,15.0,run_20260620_073443
within_site,Schaefer200,v2,UM,0.7317948717948719,0.6197628458498025,0.6427350427350427,0.5652380952380953,0.8090909090909091,0.5076923076923077,0.7777777777777778,0.6600850582122803,78.00047674179078,6.2261761412790175,30.0,43010.0,22.6,run_20260620_073443
within_site,Schaefer200,v2,USM,0.8064285714285715,0.7243589743589743,0.6632142857142858,0.4571428571428571,0.5166666666666666,0.43,0.8964285714285716,0.6558591723442078,41.080861043930064,6.4757680281614665,28.2,43010.0,12.2,run_20260620_073443
within_site,Schaefer200,v2,Yale,0.6476666666666666,0.5377777777777778,0.535,0.5213564213564215,0.6533333333333333,0.46,0.61,0.4876607894897461,28.157352113723753,5.86378468407525,25.4,43010.0,9.6,run_20260620_073443
pooled_cv,Schaefer400,v1,1,0.7188703465982028,0.6384180790960452,0.6406290115532735,0.6444444444444445,0.6823529411764706,0.6105263157894737,0.6707317073170732,0.41330063343048096,1155.3712277412415,13.828404205667095,24.0,68610.0,177.0,run_20260629_163108
pooled_cv,Schaefer400,v1,2,0.7288831835686777,0.6836158192090396,0.6827342747111682,0.7021276595744681,0.7096774193548387,0.6947368421052632,0.6707317073170732,0.4978683888912201,1108.0191388130188,14.492025483126021,23.0,68610.0,177.0,run_20260629_163108
pooled_cv,Schaefer400,v1,3,0.748395378690629,0.6949152542372882,0.6991014120667522,0.6931818181818182,0.7530864197530864,0.6421052631578947,0.7560975609756098,0.5003751516342163,1868.0649445056915,14.176256912576275,39.0,68610.0,177.0,run_20260629_163108
pooled_cv,Schaefer400,v1,4,0.6943158436213992,0.655367231638418,0.6591435185185186,0.659217877094972,0.7108433734939759,0.6145833333333334,0.7037037037037037,0.6170963644981384,1249.5507278442385,13.568109038185938,26.0,68610.0,177.0,run_20260629_163108
pooled_cv,Schaefer400,v1,5,0.7367121507472385,0.6931818181818182,0.6830409356725147,0.7403846153846154,0.6814159292035398,0.8105263157894737,0.5555555555555556,0.4337341785430908,1104.4007790088654,14.311061664061112,23.0,68610.0,176.0,run_20260629_163108
loso,Schaefer400,v1,CMU,0.5,0.4,0.4166666666666666,0.4,0.3333333333333333,0.5,0.3333333333333333,0.5201508998870851,1088.498961687088,11.708736419677734,21.0,68610.0,5.0,run_20260629_163108
loso,Schaefer400,v1,Caltech,0.8187134502923976,0.6756756756756757,0.6739766081871346,0.6470588235294118,0.6875,0.6111111111111112,0.7368421052631579,0.5640480518341064,1884.3527834415438,15.114249409856026,36.0,68610.0,37.0,run_20260629_163108
loso,Schaefer400,v1,KKI,0.712962962962963,0.5128205128205128,0.625,0.4864864864864865,0.9,0.3333333333333333,0.9166666666666666,0.3641509711742401,1191.0235373973844,13.091093454605494,23.0,68610.0,39.0,run_20260629_163108
loso,Schaefer400,v1,Leuven,0.8126361655773421,0.7377049180327869,0.7189542483660131,0.7894736842105262,0.7142857142857143,0.8823529411764706,0.5555555555555556,0.6772551536560059,2133.1515429019933,14.088298453659306,42.0,68610.0,61.0,run_20260629_163108
loso,Schaefer400,v1,MaxMun,0.6597222222222222,0.6428571428571429,0.6597222222222222,0.6341463414634146,0.7647058823529411,0.5416666666666666,0.7777777777777778,0.5462405085563661,3262.632476091385,14.668890408107213,63.0,68610.0,42.0,run_20260629_163108
loso,Schaefer400,v1,NYU,0.7180598266703943,0.631578947368421,0.6436259435280962,0.6358381502890174,0.7333333333333333,0.5612244897959183,0.726027397260274,0.562906801700592,1121.3579409122467,15.337352864226403,23.0,68610.0,171.0,run_20260629_163108
loso,Schaefer400,v1,OHSU,0.8181818181818182,0.8260869565217391,0.821969696969697,0.7999999999999999,0.8888888888888888,0.7272727272727273,0.9166666666666666,0.9497401118278505,3626.109816074371,15.673969102942426,69.0,68610.0,23.0,run_20260629_163108
loso,Schaefer400,v1,Olin,0.8246753246753247,0.6,0.6136363636363636,0.6153846153846153,0.5333333333333333,0.7272727272727273,0.5,0.6077989935874939,1098.3272740840912,14.295635223388672,21.0,68610.0,25.0,run_20260629_163108
loso,Schaefer400,v1,Pitt,0.8300395256916996,0.7333333333333333,0.7322134387351779,0.7499999999999999,0.72,0.7826086956521741,0.6818181818181818,0.9203382730484008,3645.162944793701,13.980770111083984,72.0,68610.0,45.0,run_20260629_163108
loso,Schaefer400,v1,SBL,0.7142857142857143,0.5769230769230769,0.6011904761904762,0.6666666666666667,0.5238095238095238,0.9166666666666666,0.2857142857142857,0.4782512187957764,1227.2004814147951,13.229122528663046,24.0,68610.0,26.0,run_20260629_163108
loso,Schaefer400,v1,SDSU,0.7380952380952381,0.6363636363636364,0.5714285714285714,0.7391304347826089,0.68,0.8095238095238095,0.3333333333333333,0.2297843992710113,1273.1815469264986,13.73733173717152,25.0,68610.0,33.0,run_20260629_163108
loso,Schaefer400,v1,Stanford,0.736842105263158,0.5833333333333334,0.5990712074303406,0.4444444444444444,0.75,0.3157894736842105,0.8823529411764706,0.3691153824329376,1118.5857651233673,13.470232486724855,22.0,68610.0,36.0,run_20260629_163108
loso,Schaefer400,v1,Trinity,0.7660455486542442,0.6136363636363636,0.6242236024844721,0.5142857142857143,0.75,0.39130434782608703,0.8571428571428571,0.8409525752067566,1263.7562634944913,13.145603916861795,25.0,68610.0,44.0,run_20260629_163108
loso,Schaefer400,v1,UCLA,0.8294159544159544,0.76,0.7638888888888888,0.7428571428571428,0.8387096774193549,0.6666666666666666,0.8611111111111112,0.9699260592460632,2280.691869258881,13.665281931559242,46.0,68610.0,75.0,run_20260629_163108
loso,Schaefer400,v1,UM,0.7506410256410256,0.7168141592920354,0.7048076923076922,0.7611940298507462,0.7391304347826086,0.7846153846153846,0.625,0.7251616120338441,1330.3981320858004,14.61298697817642,27.0,68610.0,113.0,run_20260629_163108
loso,Schaefer400,v1,USM,0.7734553775743707,0.7049180327868853,0.7030892448512586,0.6399999999999999,0.5925925925925926,0.6956521739130435,0.7105263157894737,0.7739365696907043,2212.6566789150243,15.036653299800685,44.0,68610.0,61.0,run_20260629_163108
loso,Schaefer400,v1,Yale,0.7797202797202797,0.75,0.7412587412587412,0.7857142857142856,0.7333333333333333,0.8461538461538461,0.6363636363636364,0.23523354530334475,1854.311069726944,13.491248091061909,36.0,68610.0,48.0,run_20260629_163108
within_site,Schaefer400,v1,Caltech,0.6291666666666667,0.6214285714285714,0.6166666666666666,0.4266666666666665,0.6,0.3333333333333333,0.9,0.6544893264770508,53.22174563407898,13.485633475439887,26.0,68610.0,7.4,run_20260629_163108
within_site,Schaefer400,v1,KKI,0.64,0.4571428571428571,0.5566666666666666,0.3871794871794872,0.4583333333333333,0.38,0.7333333333333333,0.6911107063293457,59.3419008731842,12.386865275246755,29.2,68610.0,7.8,run_20260629_163108
within_site,Schaefer400,v1,Leuven,0.7188888888888888,0.5730769230769229,0.5719047619047619,0.6045098039215686,0.6183333333333334,0.6571428571428571,0.4866666666666667,0.4900034964084625,77.77069487571717,13.934265344570846,23.6,68610.0,12.2,run_20260629_163108
within_site,Schaefer400,v1,MaxMun,0.6883333333333332,0.5027777777777778,0.5416666666666666,0.3633333333333334,0.7999999999999999,0.25,0.8333333333333334,0.5989868879318238,66.80158767700195,14.491593837738035,28.6,68610.0,8.4,run_20260629_163108
within_site,Schaefer400,v1,NYU,0.7194661654135338,0.5270588235294118,0.5755263157894737,0.3418847258398451,0.7666666666666666,0.2710526315789473,0.8800000000000001,0.9076914072036744,400.787620973587,14.360686831113672,42.2,68610.0,34.2,run_20260629_163108
within_site,Schaefer400,v1,OHSU,0.7166666666666666,0.5700000000000001,0.55,0.16,0.13333333333333333,0.2,0.9,0.5876704335212708,31.20728263854981,10.59819221496582,26.2,68610.0,4.6,run_20260629_163108
within_site,Schaefer400,v1,Olin,0.8,0.6,0.6,0.37333333333333335,0.4,0.4,0.7999999999999999,0.5331664562225342,30.39840469360352,11.485347747802734,22.8,68610.0,5.0,run_20260629_163108
within_site,Schaefer400,v1,Pitt,0.9,0.6,0.6199999999999999,0.361904761904762,0.5333333333333333,0.28,0.96,0.7675191044807435,70.47524523735045,13.305717044406466,29.2,68610.0,9.0,run_20260629_163108
within_site,Schaefer400,v1,SBL,0.7777777777777779,0.6933333333333332,0.65,0.4666666666666666,0.5333333333333333,0.4333333333333333,0.8666666666666666,0.6117442607879638,35.653774595260614,11.375846862792967,26.0,68610.0,5.2,run_20260629_163108
within_site,Schaefer400,v1,SDSU,0.6316666666666666,0.5571428571428572,0.575,0.55,0.5900000000000001,0.55,0.6,0.5972976446151733,47.42582936286927,12.259204047066824,27.2,68610.0,6.6,run_20260629_163108
within_site,Schaefer400,v1,Stanford,0.6,0.4964285714285714,0.4999999999999999,0.32666666666666666,0.6,0.25,0.75,0.5907870650291442,42.86932492256165,11.755662305014472,23.4,68610.0,7.2,run_20260629_163108
within_site,Schaefer400,v1,Trinity,0.835,0.6111111111111109,0.635,0.4197402597402598,0.4742857142857143,0.4400000000000001,0.8300000000000001,0.7119988560676574,68.29068856239319,12.325327263938055,29.4,68610.0,8.8,run_20260629_163108
within_site,Schaefer400,v1,UCLA,0.7357142857142858,0.6266666666666667,0.6357142857142857,0.5230952380952381,0.805,0.4321428571428571,0.8392857142857142,0.6066031813621521,99.46679468154908,13.981170654296875,24.8,68610.0,15.0,run_20260629_163108
within_site,Schaefer400,v1,UM,0.7548717948717949,0.575098814229249,0.6147008547008548,0.4546570972886762,0.7333333333333333,0.3538461538461538,0.8755555555555556,0.7627965927124023,221.5114350795746,13.34772279611218,37.6,68610.0,22.6,run_20260629_163108
within_site,Schaefer400,v1,USM,0.7862500000000001,0.7051282051282051,0.6325000000000001,0.38428571428571423,0.4533333333333333,0.34,0.925,0.76429682970047,118.13234796524048,14.296428362528484,35.4,68610.0,12.2,run_20260629_163108
within_site,Schaefer400,v1,Yale,0.7586666666666668,0.5444444444444445,0.5750000000000001,0.3897435897435898,0.65,0.36,0.79,0.647006893157959,68.8646722793579,13.247619205051,27.8,68610.0,9.6,run_20260629_163108
pooled_cv,Schaefer400,v2,1,0.7178433889602054,0.6384180790960452,0.6347881899871629,0.6701030927835052,0.6565656565656566,0.6842105263157895,0.5853658536585366,0.3201913833618164,1077.6047639846802,13.936764776369946,24.0,68610.0,177.0,run_20260629_163108
pooled_cv,Schaefer400,v2,2,0.7305519897304236,0.6440677966101694,0.6575738125802311,0.588235294117647,0.7758620689655172,0.4736842105263158,0.8414634146341463,0.9470689296722412,1644.7795033454895,13.663112780468614,37.0,68610.0,177.0,run_20260629_163108
pooled_cv,Schaefer400,v2,3,0.6844672657252888,0.5480225988700564,0.5697689345314506,0.3939393939393939,0.7027027027027027,0.2736842105263158,0.8658536585365854,0.9907358288764954,1906.0688092708588,14.234602114575058,43.0,68610.0,177.0,run_20260629_163108
pooled_cv,Schaefer400,v2,4,0.7244084362139918,0.6779661016949152,0.6712962962962963,0.7164179104477612,0.6857142857142857,0.75,0.5925925925925926,0.4638915956020355,1061.162683725357,12.984496725481108,24.0,68610.0,177.0,run_20260629_163108
pooled_cv,Schaefer400,v2,5,0.7586744639376218,0.7102272727272727,0.7106562703053931,0.7243243243243243,0.7444444444444445,0.7052631578947368,0.7160493827160493,0.6529620885848999,1188.525379896164,13.150610707022928,27.0,68610.0,176.0,run_20260629_163108
loso,Schaefer400,v2,CMU,0.5,0.4,0.4166666666666666,0.4,0.3333333333333333,0.5,0.3333333333333333,0.5242563486099243,992.3554677963257,11.579513549804688,21.0,68610.0,5.0,run_20260629_163108
loso,Schaefer400,v2,Caltech,0.7865497076023392,0.7297297297297297,0.7309941520467836,0.7368421052631577,0.7,0.7777777777777778,0.6842105263157895,0.28631043434143066,1208.4459433555605,13.550977449159365,26.0,68610.0,37.0,run_20260629_163108
loso,Schaefer400,v2,KKI,0.7777777777777778,0.5897435897435898,0.6805555555555556,0.6,0.9230769230769232,0.4444444444444444,0.9166666666666666,0.2880685925483704,2239.8610153198238,13.513742349086664,48.0,68610.0,39.0,run_20260629_163108
loso,Schaefer400,v2,Leuven,0.7843137254901961,0.6721311475409836,0.6372549019607843,0.7619047619047621,0.64,0.9411764705882352,0.3333333333333333,0.4249095618724823,1128.7290573120115,14.051034802296124,24.0,68610.0,61.0,run_20260629_163108
loso,Schaefer400,v2,MaxMun,0.6365740740740741,0.5476190476190477,0.5694444444444444,0.5128205128205129,0.6666666666666666,0.4166666666666667,0.7222222222222222,0.8060497641563416,3090.0225846767426,13.508586656479606,66.0,68610.0,42.0,run_20260629_163108
loso,Schaefer400,v2,NYU,0.7313391109868606,0.6549707602339181,0.6640341067934024,0.6666666666666667,0.7468354430379747,0.6020408163265306,0.726027397260274,0.9621317386627196,1944.3641867637634,13.240879739237108,44.0,68610.0,171.0,run_20260629_163108
loso,Schaefer400,v2,OHSU,0.7196969696969697,0.6521739130434783,0.6515151515151515,0.6363636363636364,0.6363636363636364,0.6363636363636364,0.6666666666666666,0.1002279818058014,1518.151397228241,12.635749319325322,32.0,68610.0,23.0,run_20260629_163108
loso,Schaefer400,v2,Olin,0.8766233766233766,0.76,0.7564935064935066,0.7272727272727273,0.7272727272727273,0.7272727272727273,0.7857142857142857,0.565873384475708,1003.7975981235504,14.36727523803711,21.0,68610.0,25.0,run_20260629_163108
loso,Schaefer400,v2,Pitt,0.8241106719367589,0.6888888888888889,0.683794466403162,0.75,0.6363636363636364,0.9130434782608696,0.4545454545454545,0.33350494503974915,1269.6622319221494,13.772980372111,27.0,68610.0,45.0,run_20260629_163108
loso,Schaefer400,v2,SBL,0.7857142857142856,0.7307692307692307,0.7380952380952381,0.7407407407407408,0.6666666666666666,0.8333333333333334,0.6428571428571429,0.5186555981636047,998.769196987152,13.557269023014948,21.0,68610.0,26.0,run_20260629_163108
loso,Schaefer400,v2,SDSU,0.6666666666666666,0.6363636363636364,0.5892857142857143,0.7272727272727272,0.6956521739130435,0.7619047619047619,0.4166666666666667,0.439310222864151,1052.4338562488556,12.694705616344105,22.0,68610.0,33.0,run_20260629_163108
loso,Schaefer400,v2,Stanford,0.65015479876161,0.6111111111111112,0.6160990712074303,0.5882352941176471,0.6666666666666666,0.5263157894736842,0.7058823529411765,0.3263659179210663,1944.8733808994293,13.197527991400824,42.0,68610.0,36.0,run_20260629_163108
loso,Schaefer400,v2,Trinity,0.7101449275362319,0.6136363636363636,0.6159420289855072,0.6046511627906976,0.65,0.5652173913043478,0.6666666666666666,0.5391896963119507,998.550183057785,13.781422918493098,21.0,68610.0,44.0,run_20260629_163108
loso,Schaefer400,v2,UCLA,0.8418803418803421,0.7466666666666667,0.7478632478632479,0.7466666666666666,0.7777777777777778,0.7179487179487181,0.7777777777777778,0.6333143711090088,1056.3828608989716,12.83212661743164,23.0,68610.0,75.0,run_20260629_163108
loso,Schaefer400,v2,UM,0.7634615384615385,0.6814159292035398,0.6658653846153846,0.7352941176470589,0.7042253521126759,0.7692307692307693,0.5625,0.5154505968093872,1085.4618711471558,12.520163460115414,24.0,68610.0,113.0,run_20260629_163108
loso,Schaefer400,v2,USM,0.8135011441647597,0.7377049180327869,0.7551487414187643,0.7037037037037037,0.6129032258064516,0.8260869565217391,0.6842105263157895,0.3970193266868591,1078.3735086917875,13.599849138103547,23.0,68610.0,61.0,run_20260629_163108
loso,Schaefer400,v2,Yale,0.8041958041958042,0.75,0.7342657342657343,0.8000000000000002,0.7058823529411765,0.9230769230769232,0.5454545454545454,0.41616967320442205,1025.7048451900482,12.773086627324426,22.0,68610.0,48.0,run_20260629_163108
within_site,Schaefer400,v2,Caltech,0.5958333333333334,0.5642857142857143,0.5583333333333333,0.3333333333333333,0.4333333333333333,0.2833333333333333,0.8333333333333334,0.6191241025924683,47.409351015090934,13.281530993325369,25.6,68610.0,7.4,run_20260629_163108
within_site,Schaefer400,v2,KKI,0.7966666666666666,0.4892857142857142,0.54,0.4559307359307359,0.6333333333333333,0.4133333333333334,0.6666666666666666,0.6539719820022583,52.71613698005675,12.852113587515696,27.2,68610.0,7.8,run_20260629_163108
within_site,Schaefer400,v2,Leuven,0.7115873015873017,0.5064102564102564,0.5523809523809524,0.2730769230769231,0.6333333333333333,0.2047619047619048,0.9,0.8547892570495605,131.27961378097535,13.805979337447727,43.0,68610.0,12.2,run_20260629_163108
within_site,Schaefer400,v2,MaxMun,0.72,0.6444444444444445,0.6616666666666667,0.6009090909090911,0.6,0.64,0.6833333333333333,0.521004194021225,49.77709522247314,14.270852009455366,23.0,68610.0,8.4,run_20260629_163108
within_site,Schaefer400,v2,NYU,0.6842005012531329,0.5443697478991597,0.5817543859649124,0.4406145706145706,0.7987301587301587,0.3168421052631579,0.8466666666666667,0.8480988800525665,352.10416550636285,13.107658594596286,40.8,68610.0,34.2,run_20260629_163108
within_site,Schaefer400,v2,OHSU,0.8333333333333334,0.58,0.5666666666666667,0.3,0.3,0.3,0.8333333333333333,0.6035782098770142,29.030961561203004,11.43301486968994,26.4,68610.0,4.6,run_20260629_163108
within_site,Schaefer400,v2,Olin,0.8,0.6,0.5666666666666667,0.2333333333333333,0.3,0.26666666666666666,0.8666666666666666,0.6284494400024414,33.31264328956604,12.084417343139648,27.6,68610.0,5.0,run_20260629_163108
within_site,Schaefer400,v2,Pitt,0.7699999999999999,0.5555555555555556,0.575,0.21333333333333326,0.4,0.15,1.0,0.8029336929321289,75.38457427024841,12.790907753838436,33.8,68610.0,9.0,run_20260629_163108
within_site,Schaefer400,v2,SBL,0.5111111111111111,0.4733333333333333,0.45,0.1,0.1,0.1,0.8,0.6110023498535156,31.382856178283692,12.528335253397625,24.8,68610.0,5.2,run_20260629_163108
within_site,Schaefer400,v2,SDSU,0.745,0.6666666666666667,0.6466666666666667,0.6298412698412699,0.6133333333333334,0.6599999999999999,0.6333333333333333,0.5551234900951385,38.43995141983032,12.886609349931991,23.6,68610.0,6.6,run_20260629_163108
within_site,Schaefer400,v2,Stanford,0.6833333333333333,0.6714285714285715,0.6666666666666665,0.6,0.6,0.6,0.7333333333333333,0.6375092506408692,42.13980240821839,11.448872089385985,24.6,68610.0,7.2,run_20260629_163108
within_site,Schaefer400,v2,Trinity,0.79,0.5888888888888889,0.595,0.2961038961038961,0.3666666666666667,0.28,0.91,0.7794686913490295,86.01583261489868,12.204925219217934,40.2,68610.0,8.8,run_20260629_163108
within_site,Schaefer400,v2,UCLA,0.6607142857142858,0.5199999999999999,0.5267857142857142,0.4293557422969188,0.4507936507936508,0.4142857142857143,0.6392857142857142,0.6132591485977172,93.29192600250244,12.713286081949873,25.0,68610.0,15.0,run_20260629_163108
within_site,Schaefer400,v2,UM,0.7095726495726495,0.6118577075098814,0.6294017094017094,0.5609723609723609,0.7849261849261848,0.5076923076923077,0.7511111111111111,0.6353703498840332,148.12275710105897,12.153132159719355,27.0,68610.0,22.6,run_20260629_163108
within_site,Schaefer400,v2,USM,0.8160714285714284,0.6871794871794872,0.5925,0.28,0.55,0.21,0.975,0.7980331897735595,111.80216851234437,12.827016145755087,36.6,68610.0,12.2,run_20260629_163108
within_site,Schaefer400,v2,Yale,0.7203333333333333,0.5577777777777777,0.6,0.2809523809523809,0.3428571428571429,0.28,0.92,0.8235991835594177,93.2349570274353,13.339654604593914,39.8,68610.0,9.6,run_20260629_163108
